ticker,delta_selic_lag,delta_ipca_lag,var_dolar_lag,ibc_var_lag,cluster
AALR3,1.653674231259203,-0.1634295455936612,-0.32109074113870095,0.3341392792683559,1
ABCB4,0.5584829949649753,0.11429166781323435,-0.3965537930491707,0.2084056267943878,0
ABEV3,0.15127498790828675,0.14850573278123452,0.3237794951932424,0.30758494069071085,0
ADHM3,1.406346459550634,-1.814902333558885,1.7785117184644752,0.015036712794326317,3
AEDU3,-1.66116247350132,1.4112625162876433,-0.2934719110175608,-1.7631263220822317,5
AELP3,2.021544276370314,-1.081457374919808,1.9128849335108122,-0.3086875206469602,3
AERI3,1.4007585942021354,-1.2106848721365466,2.3002830212193905,-1.0396834837843008,3
AFLT3,0.10265015052240427,1.0306182540963498,1.4941186411972185,0.5533336711525761,6
AGRO3,-0.11511715044706725,-0.2513355627285897,1.0173271490580809,0.6087480268080494,6
AGXY3,3.0922374999801803,-1.2384353916647575,2.432683656856529,-0.8770813335314795,3
ALLD3,-0.5494491946819502,-0.5426242712258116,-0.6745289046321388,1.28400373377071,2
ALOS3,0.19059168176865143,0.3396620121997424,-0.22980943152273173,0.247571423397539,0
ALPA4,-0.4234510173687478,-0.6908847116835766,0.08203671464101946,-0.12127945295254192,2
ALPK3,-1.509298754923542,0.5068930956762163,-1.7734965317969749,1.973560033655321,2
ALSC3,0.1301914851781513,-0.01891986166291721,-0.07718293604247074,0.39141177887357653,0
ALUP11,0.7459607583101634,-0.4256607630237717,0.2254282345746694,0.2942085234973678,1
AMAR3,-0.998379694890581,0.8909830576155645,-1.0724594190699066,0.28850936139259475,5
AMBP3,-6.127562462064116,-6.674738021919291,2.101947880826672,4.337701884636563,4
AMBV4,0.009667755326528998,-0.6268921275315567,0.8565469618268657,1.3683197328349619,6
AMER3,-1.3214274751804138,-1.8800815255581433,-0.013897354271576833,0.5292752659530806,2
AMIL3,-0.6842466420529022,0.7435686781219929,-0.07641275569760021,-1.1685349519744404,5
ANIM3,-0.3947190971141046,-0.9803957562195083,-0.9139962841120852,0.43842311625887603,2
APER3,-0.39323357956650906,0.21870207937824512,-0.648782283181543,-0.49262590273097867,0
ARML3,1.0542276630700622,-0.444338920067306,2.3595673889669566,-2.4250231992140843,3
ARND3,-1.5286896263886331,-1.7891484244730969,1.9038847068207299,1.9360509206721608,6
ARTR3,0.6246626777474373,0.6142143169150964,0.4979697557620829,-0.864750014070517,1
ASAI3,1.1817021779838446,0.622023151432275,-0.1547040454559721,1.6119993020181862,0
AURE3,1.122685299788636,-0.40793290600054577,1.0062687429223778,-0.14193920531241944,1
AUTM3,-0.4282976192830588,0.47667930696404065,-0.07050039393536807,-0.4210971585856845,0
AVLL3,-3.3099064026240486,-2.6221071935185782,-2.1026807198109587,-2.6281355262900155,2
AXIA3,0.9363351508590047,-0.6146595804559017,-0.6177910258027449,-0.22273801170015126,1
AZEV4,-1.2856399973981711,0.8450639918268869,-1.6918935006262,-0.8180823497610206,5
AZUL4,-1.3442604614691793,-0.5591243879111857,-2.100707665053877,-0.49402151659809085,2
AZZA3,-0.20424367066755106,-0.3885748734549422,-0.34948754841592183,-0.2245028997554626,2
B3SA3,0.6727987528078919,-0.6174905889966146,-0.30366540255650526,-0.08496037905997011,1
BALM4,-1.0358557272169662,-0.26149722122073066,-0.45365835881961813,0.2856231035214536,2
BAUH4,-0.2834809374332368,0.583512352288132,1.1903071776316483,0.4343392352882088,6
BAZA3,0.8281963764854902,0.3548476538770769,0.3328464951113409,-0.1288711425245301,1
BBAS3,0.5087573679943933,-0.4268839256085877,-0.8592128323233188,-0.07559036082845083,1
BBDC4,0.6000971606250973,0.4705939164698796,-0.39111940413474505,-0.3003449695430836,1
BBSE3,0.5529481188080773,-0.27917079619326096,-0.00024384936691377066,0.30568191580221604,1
BDLL4,0.7709045836277839,0.8235828844773128,-0.6361897100778527,0.4389612005574016,0
BEEF3,0.8694342509404956,-0.5558756222679667,0.4548618390488331,-0.38276129806558334,1
BEES3,0.6816807296250589,-0.1207180740484907,-0.026617208818730118,-0.11195537147037746,1
BEMA3,-1.2117241695920673,0.45405696052619504,1.2715851789547716,0.7810451315861593,6
BGIP4,0.06559231286193123,-0.06261844931439924,-0.21527215010516135,0.5015988097832449,0
BHGR3,-0.4602621569043233,0.7580493703109624,1.0978329796431614,-0.7977383806111984,3
BHIA3,-1.1449877227978942,2.3720353284099964,-1.5471765234804407,-0.8381467581426316,5
BICB4,2.115537779185558,-1.0947789904918355,-0.07559246309757425,-1.0719972966563878,1
BIED3,1.2046244436674656,-0.47654518407823776,1.088129285584649,-0.8569786543259801,3
BIOM3,-1.0018208673406237,0.8352370473209071,0.23754939905225342,0.24606157492819927,0
BISA3,1.4997947091672283,-0.5613672263395356,-0.2144291522236511,-1.3418635863303334,1
BLAU3,1.6432426062549965,0.5244346643616918,1.4475564988772358,-0.8247380561910712,3
BLUT4,1.356253909115448,1.5703869251322902,-0.5720769375004098,0.8563738787108264,0
BMEB4,-0.2851947481437833,0.21470954701160458,0.4502083934502081,0.46163313612210777,0
BMGB4,-0.28778732022187986,0.4022101755442476,-0.18185023497353078,-0.23063185044839457,0
BMIN4,1.2150543371255023,-0.3470486733921738,-0.11494792782704036,-0.2518604405461915,1
BMKS3,0.9262520812823252,0.2564883599690017,0.49634621373498355,0.4455790749129318,0
BMOB3,1.0719816227080046,0.9254311607041709,-0.6109382250368512,0.5333057036239285,0
BMTO4,-0.15959985728449053,0.7499313085143038,0.3414341624867059,0.18206681184456114,0
BNBR3,-0.7919806790183399,-0.15384642214244562,0.2689992691152576,0.3717178010881976,0
BOBR4,-0.7736847321535347,-0.28777610973970247,-0.27327289107730285,-0.44067464795188493,2
BPAC11,-0.19950119807044572,-0.645990784635565,-0.7646779767803034,-0.464459081372722,2
BPAN4,-0.6171936506027405,0.7585631031306278,-0.676529054420503,0.572272588880858,0
BPHA3,-0.5981815683895163,1.6120535303096934,-0.6881169291457055,-2.011053573949304,5
BRAP4,-0.13857506060762895,0.6462138352113467,-0.12249252717868195,-0.1410522497395299,0
BRAV3,0.9081549335047063,-1.2953593632448686,-1.2813129746936145,-1.7914197029568204,1
BRBI11,0.262311350541537,-0.45007515981876406,-1.2404643198841456,-0.8174047403255047,1
BRFS3,0.15364611669316383,0.606564474051179,0.3016819080677282,-0.2876627766728239,0
BRIT3,-1.4019691883198273,0.6361892947462446,-2.842226605264835,2.5544298941988735,2
BRIV4,0.8515482520197776,0.19439436520385808,0.9885827347295555,0.5084338278185909,0
BRKM5,-0.5491997681970738,-0.626318765422407,0.35544370133543096,-0.1930851356057921,2
BRML3,0.5953170772567649,0.07124921907016543,-0.3070941603466948,-0.35546586396611124,1
BRPR3,0.2787396869300582,0.509082927415581,0.3336999362426899,0.42069541422563467,0
BRSR6,0.5419681917618284,-0.10246120690587564,-0.8897573092961683,0.2229609986359512,1
BSEV3,1.4415410104679798,1.9014190237947113,-0.8591868065226157,0.17944025040883643,0
BSLI3,-0.5142910651421521,2.944771132158713,0.3909157776332015,-0.4463774082906176,5
CAMB3,0.25704817015134224,0.5716501226916725,-0.3166024220664455,-0.01614787473203064,0
CAML3,0.23207924295517507,-0.449442167771077,0.8398525239391863,-0.14912011685186025,3
CASH3,-1.3623285911720382,0.6747104621375841,-0.8927418022961222,-0.4661765967430737,5
CBAV3,-0.0485515405839368,0.5239522616116641,2.5396352061275884,1.5192291704252439,6
CBEE3,-0.5858542522079768,-1.2838835872369692,1.6077329454267957,-0.054096514638820994,3
CCHI3,0.08410423856051655,-4.796920391442391,2.2622328542324017,2.921751358097509,4
CCXC3,1.1932882099782516,0.9525958812324004,1.548105217172459,-2.05973225759423,3
CEAB3,-1.6268505284982817,-0.2620252770382309,-1.288078710659594,0.6251866314766262,2
CEBR6,-0.0468546613317305,-0.6598711985632063,1.1738227155821135,0.864000828857166,6
CEDO4,-0.6928895644575035,0.895285339682164,-0.8464318248017705,-0.29520502357492506,5
CEEB3,0.8130202532138816,-0.21905726280466611,0.3289965141059705,-0.5938918846500948,1
CESP6,0.396802873258529,-0.4453321558337807,-0.0013098046164884327,0.2500399269691318,1
CGAS5,0.6715110756095555,0.21869774120729996,0.3345408065075477,0.3752523982246303,0
CGRA4,0.603705186468278,0.3185494992798033,0.184397938538465,0.2240684089366854,0
CIEL3,0.7801049486000824,0.7945480959249822,-0.03846262055891811,-0.359438817335906,1
CLSA3,0.21245443666367117,-0.07414534832026652,2.4545239518724817,2.7884696607593593,6
CLSC4,0.46137670916726337,0.2629489906150074,0.2657252769330722,0.3964115891072633,0
CMIG4,0.4980680468007815,-0.02567501072742453,-0.4955444119871393,0.37951199066565205,0
CMIN3,-0.14495265919509026,1.2834989488514934,-0.6526919148701358,-0.28717023001682107,5
COCE5,0.18640293436129166,0.33069526958370304,0.2716801694378849,-0.10243336426553955,0
COGN3,0.981653946388265,1.250786398174631,-0.638001069907482,0.4729183793390946,0
CPFE3,0.6692569843965929,-0.2678199962844827,0.19242223337097042,0.2976860882072576,1
CPLE6,0.9267218536734871,-0.4814847249809463,-0.04894309141292163,-0.36453635946735913,1
CPRE3,-0.10234676141307061,0.8971473113368542,0.5293643125374604,0.7521651312062844,0
CREM3,-0.47965175961288514,-0.8353038942625921,1.1366349098333974,0.9648176643016354,6
CRFB3,0.12623215967899062,-0.6118819444627587,0.05071302579061096,0.3687956060109507,0
CRIV4,0.057809559119526205,0.3745643153107883,0.9183007977077268,0.36214318145601315,0
CRPG5,-1.1281508705995877,0.672434669136625,0.09227414679403047,-0.39904235487514783,5
CRUZ3,-0.18400363713167123,-0.3165858761531872,1.0735909023645438,0.3144831519019279,6
CSAN3,-0.04256151237435997,-0.5646902135703944,0.00236401662771472,0.6609919733385771,0
CSED3,-0.09413846522298316,-0.018282181808354666,-0.7374035482792057,0.9085947408193926,0
CSMG3,-0.11088892594198292,0.35832296564282584,-0.18150949921520662,0.5444527106144282,0
CSNA3,-0.09326139553044524,1.0384631535421172,-0.23831815632203834,-0.2379688576510815,0
CSRN3,1.5963831259422991,-0.9023212837700416,0.09601165369154582,0.6149265013772524,1
CSUD3,-0.3173958870090813,0.49282667343409997,-0.04297063819163029,-0.3880527664564292,0
CTAX3,-2.3096034262825085,0.9544186683056938,-0.24797274832883803,0.6847230769559526,5
CTKA4,-0.6957910812201417,-0.9623221299303591,-1.3579395999763946,-0.15256355479239916,2
CTNM4,-1.186494133786159,-0.23507847480151814,-0.935916551654871,-0.2958663633047522,2
CTSA4,-1.0454674363731977,-0.7059359738728669,-0.2292433328804833,-0.7851939343574162,2
CURY3,0.6755898833420239,-0.5384069889603312,2.0942215377356415,0.658149037305509,6
CVCB3,-1.0467159234095438,-0.1883446225362591,-1.0237790781920857,-0.4054782601571221,2
CXSE3,0.5243001417023454,-0.16492134451093501,-0.18492204144170984,-0.6755902858973477,1
CYRE3,0.05245144460797166,0.7052830536516425,-0.6432550601081292,0.41583794299453486,0
DASA3,0.1476258331643011,-0.8944462090159411,1.500213745919494,1.8104944901501738,6
DAYC4,0.47503821129883655,-0.4588790623845448,0.8466242461586913,-0.3857791972341248,3
DESK3,-1.2409237442714487,-0.5044581963884062,-0.8503046629604456,-0.45548332356914917,2
DEXP3,-0.06362190786112296,-0.4315795657612408,1.7548317710913999,0.6968934185260433,6
DIRR3,0.07997548375628936,-0.5301981588633022,-0.428949505754577,0.5221054456582706,2
DMVF3,-0.6611725107712515,-0.5989752670566375,-0.5755750999365552,-0.7165545024523379,2
DOHL4,-0.14943844839088327,0.3042350931141708,0.3616565415455459,0.36795084489847385,0
DOTZ3,-1.4182217820076917,1.0317239585814533,1.6398440658286562,2.7959707842392305,6
DTCY3,-2.1456911459064933,-1.5224791438919802,-1.425435243188765,-1.0441248003394739,2
DXCO3,-0.1857542080403118,0.6728137104583185,-0.4373802473542222,0.3163379842784299,0
EALT4,-0.5723173117020341,0.3846108966496588,0.047617616133157716,0.5922443888170612,0
EBTP4,2.1968593562750556,-0.24716494733180053,1.6029010680921139,-1.6993657798020108,3
ECOR3,0.03590202970506263,0.36525568860807744,-0.25864412886075616,0.49034625555492056,0
EGIE3,0.18684523322781646,-0.4590688229473616,0.08329877773601957,0.047435593856444275,1
EKTR4,-0.005905788621159006,0.48971876501932,1.0658156107076118,0.486370769636286,0
ELEK4,-0.11315922878725167,-1.2900307784422922,1.9596799743722622,-2.335709836507181,3
ELMD3,-0.08577870035187046,1.1569322463096148,2.494407353076527,1.413080862532772,6
ELPL4,2.5649997571595478,-0.7327963553690123,0.04875467305615194,1.6015943898224883,1
EMAE4,-0.18978372125628673,-0.6110597175812552,0.3042829265553137,-0.42814836230477366,1
EMBJ3,0.05115880856725774,0.7669276661667936,0.39328283799838626,0.536613847553206,0
ENAT3,-0.11874647588779744,0.7829506024284774,0.0986644465221891,0.26161927955321135,0
ENBR3,0.7898640810259411,-0.15983512553525883,0.3743697109032335,-0.18928222169549969,1
ENEV3,-0.008660076242803134,-0.5185398300465864,-0.17601260814058362,0.4994174555076903,0
ENGI11,0.6878298244392619,0.41147898063141536,0.029986543189918564,0.332869604516879,0
ENJU3,-2.56979491687216,-1.1941608296611044,-2.0169698409560985,0.5546640965499255,2
ENMT4,-0.8317822843896298,-0.5603364875915426,0.587582874380689,-0.33548517369305414,2
EPAR4,1.9149905369529274,1.092634182353059,-0.012049981202944524,-1.0816440981051718,1
EQPA3,0.11261200529925809,-0.31850515204710195,0.14234228228898815,0.29264620954103326,0
EQTL3,0.12968391450736638,0.42345046872898096,0.15096375554678432,-0.2417231707716726,0
ESPA3,-2.1363507729533557,0.12658268102438522,-1.9771105746257451,-2.31437879454395,5
ESTR4,-0.5221948825676974,-0.6614856883787297,0.01909516500121339,-1.6921177347931282,3
ETER3,-0.48220850903535245,0.3979676866819475,-0.47272438329414346,-0.8185842861393038,5
EUCA4,-0.056088783406482164,0.32205550599069405,-0.1795326534849684,-0.6922966262331279,0
EVEN3,-0.2563883103514542,-0.3582520312684318,-0.636699543751335,0.5810143281668729,2
EZTC3,0.05120617566442533,-0.21263720541887496,-0.5743002586176258,0.16114341334851462,0
FESA4,-0.030163024701866787,0.43947466576070465,0.35367179265811,0.5106713921145942,0
FHER3,-0.32945092232918954,0.7081052375883493,-0.13281467925928334,-0.5168677832375368,0
FIBR3,-0.8650928362723095,1.0353132426180263,1.4077477367443234,-0.4072212702123534,3
FICT3,-0.6465511382720285,0.830345020494169,1.2042061197981562,-0.6835017602934511,3
FIEI3,0.5851503454317508,-0.4604802287972085,0.0821053943916149,0.4468877664598596,1
FIQE3,-0.4257012665840296,0.2638556750988382,-0.33931376254694723,0.8244537869018852,0
FLRY3,0.773049910273711,-0.34971659147238215,0.3149365049409085,0.03615804874308075,1
FRAS3,-0.059328546121554075,0.8249029265064804,-0.2424171293077057,0.2940866846718667,0
FRIO3,-1.1710706757428115,-1.045235521465199,2.303298177140599,-1.9462308287649783,3
FRTA3,0.02620175774489901,0.6512533472359843,-0.545039224515537,0.7930213874704956,0
FTRX4,-0.368249400409989,-3.953490528480802,1.1792535500363177,1.1769557950090792,4
GEPA4,-0.1887669497851092,0.2756924215698004,0.3401303609555686,0.30111747909766856,0
GETI4,0.03642136681451072,-0.6555668386720094,0.358822257320741,0.6245639264939775,0
GFSA3,-0.6764655098487443,-1.5173451702941374,-0.8342900386491977,-0.6277109345854254,2
GGBR4,-0.23709994500816092,0.6117241146110374,-0.1142117757264927,-0.13283068282180396,0
GGPS3,-0.16019507713055814,-0.4206596884321723,-0.7451742029910058,0.4568202373581991,2
GMAT3,-0.3742414938912796,0.744088544408766,-0.9512503644336526,1.495712439085861,0
GNDI3,0.8903116809267075,-0.10321924412356186,0.20682138184495208,-0.11389814293274005,1
GOAU4,-0.5630035453486698,0.5098431979983687,-0.38836870604880386,0.10612527290172982,0
GOLL4,-0.8857783748535825,0.7101614217079996,-1.800932172242094,-0.043201650969409616,5
GRND3,-0.007107436961035571,0.1596363339160139,0.15785033802455542,0.2944739705957672,0
GSHP3,-0.0563042002075434,0.5256239256430938,-0.2264820134966007,0.7241061030219581,0
HAGA4,0.22515643483742798,0.2007537040457269,0.18094374300780125,-0.1501951227342412,0
HAPV3,-0.6381759248856682,-0.8600632845910363,1.759259901984124,-0.6238407560982282,3
HBOR3,0.547469165717737,0.733331450238554,-0.8096385492125481,0.42038105551075106,0
HBRE3,-0.18084709626954,0.6552577447681308,-0.12703600854867247,1.5351479631905527,0
HBSA3,-0.02293964496714814,-0.7929629486795835,-0.25789254563355224,1.0956708892250353,2
HBTS5,-0.3665510629328357,1.1917003699579607,2.478645447003589,-1.5145073786075898,3
HETA4,0.8466946053279311,1.4859281402197866,-0.36125609039370915,0.610470973109732,0
HGTX3,0.9987852476625468,0.19155058902576774,-0.03243519507484866,0.37379874069170016,1
HOOT4,-0.41239673011503764,-0.7821465261995202,-0.24170421236575856,-0.12499643887004534,2
HYPE3,0.6767803648591306,-0.18153391080208944,-0.19663634793038876,0.22382331915480752,1
IDVL4,-0.9318597672515175,-2.6411991266930914,-0.9133370569752275,-1.326214728283145,2
IFCM3,-1.416326635645512,-1.7565369469324823,-1.622068482119137,2.244241750778389,2
IGBR3,2.1911547078257443,1.442549513530475,0.014052331721436015,0.2524249467823452,1
IGTA3,0.12548244252503646,0.4747699441083949,-0.18273396702937653,-0.2996085009048292,0
IGTI11,0.6348215297738441,0.5910608316246383,0.15811193738270654,0.4197625330839776,0
IMBI4,1.3084264487391404,1.507008020081498,-0.7180833762532915,-1.5444277741092245,1
IMCH3,-1.626060883245628,0.9202577942275058,-1.1017972923609005,-0.6774387451340966,5
INEP4,-0.9623565026835268,-1.3217747680813274,-0.044001959550799975,0.8128754279131274,2
INTB3,0.861658074666104,-0.8040518154030499,0.36642093029498296,-0.3378138753509953,1
IRBR3,-1.1950999257613832,0.909782109497372,-1.2231826263269714,0.43632076637808287,5
ISAE4,0.6543903282110551,-0.2722323799741681,0.38421400044740167,-0.21488209971495487,1
ITSA4,0.16928189645897887,0.33831198953232267,-0.1901381650453931,-0.04890932265238932,0
ITUB4,0.5586998405186093,0.32774134335105354,-0.21965360387934246,0.28071905992744073,0
JALL3,-0.22912252769199662,-0.18529700480262845,0.5926126886794978,-0.7567821186749618,3
JFEN3,1.156566479567613,-0.46157954625312553,-1.0803433015217763,0.8859573238830432,1
JHSF3,-0.06974076824124222,0.4897774496078915,-0.5985956891860318,-0.4533979136985303,0
JSLG3,-0.021439993386077945,-0.9989457180436401,-0.5548271661332427,0.3506716537723931,2
KEPL3,-0.27029346056464704,-0.7376023768166647,-0.23121332438232609,-0.3894982040767437,2
KLBN11,0.28002621979416414,-0.1903181508422109,0.9635763634982201,-0.05903915988083019,3
KRSA3,0.3842221806923263,-0.9101614975537694,3.9062682692370347,1.7785703706504181,6
LAME4,0.9576105217144751,-0.8389122552982922,0.045738154736424515,-0.2147196333211866,1
LAND3,0.591093530860631,0.6298458665632313,1.7181263101889648,-0.7283257006424796,3
LAVV3,0.7101980433616478,1.027343225929108,-0.8146271543100353,0.7498856123647075,0
LCAM3,-1.0588689518080154,0.6362061190848675,-0.014051397471988969,0.41805887727850854,0
LEVE3,0.2469374885780837,0.7239476855633227,0.974164058386607,-0.13876745705760582,0
LIGT3,0.4734690796006731,0.8582747211087461,-0.5178693933363221,0.6410484549775728,0
LINX3,-0.04373496278690373,-1.1185441808485086,0.2003836895113515,0.6110820500709983,2
LIPR3,-0.02045385787397348,0.22236953321519076,0.32309663496333574,0.18968125806784358,0
LIXC4,-3.0408187003880887,2.6329916992288775,-1.041223562149376,-0.5023984531496625,5
LJQQ3,-0.606166417782875,-0.4042227948605566,-2.510414348159853,1.2164101841505817,2
LOGG3,-0.31552759897702104,0.8062159798841422,-0.6975033384146259,-0.3059871124248925,0
LOGN3,0.5544904007232235,0.7415302531666267,-0.5473224664935777,0.30029204610029664,0
LPSB3,-0.31100056211117505,-0.2936178930647993,-0.933425912020029,0.2066418977726041,2
LREN3,0.0460381020142202,-0.30279559730024336,-0.2491601583985592,-0.22956892537604826,1
LUPA3,-0.9013736571725758,0.3350543947191637,-1.15900587078782,0.6263139968300487,2
LUXM4,-0.3736934931768675,0.48012660909371147,0.5990749089775372,-0.45261877650721394,0
LWSA3,0.14482410695767012,1.1282343008277986,1.319439104321275,-1.0861055377335147,3
MAGG3,-0.8891544900687838,0.5690821573419484,1.1446514635930773,-1.401068812908186,3
MATD3,0.6272637317990263,1.1072042889667657,-1.1879340958649391,1.2789559461962225,0
MBRF3,-0.7062725959608598,-0.5513776845182821,1.0958434265811041,-0.41692629391258346,3
MDIA3,0.6317424616532078,-0.13286632192509962,-0.13546348629540256,-0.18611578654948988,1
MDNE3,-0.16127455063510288,1.021272850142472,-0.6307265147710143,-0.03366888619716431,0
MEAL3,-0.12399965667119826,1.3079547202251238,-1.3838100276493388,-0.5314097499848046,5
MELK3,1.058898910663887,0.7397492059928704,-0.25759497453667307,-0.29715601415321685,1
MGEL4,0.7033075621692788,-0.7999879711633632,-0.6287182487789271,-0.5606251753007994,1
MGLU3,-0.9001737693919598,-0.7280531825306902,-1.3939590954827974,-0.277435730511092,2
MILS3,-0.02172616397956693,-0.5398953444267602,-0.5475370543022617,0.3352845424841892,2
MLAS3,-0.874760324869909,-0.1384251220299781,-1.5944881253143208,-2.173704967884452,5
MMXM3,-1.5882961485462652,0.670442296060481,-0.36855331458859014,-1.1596897183903285,5
MNPR3,0.9473534202821476,1.237844687176258,-0.14032445324817508,-0.5237862170876985,0
MOAR3,0.02466701311716822,1.1343015757612993,1.0288710544617545,0.18767256558271708,0
MOTV3,0.8321457957269829,-0.0938917284705915,-0.048244963865359626,0.30193100703396125,1
MOVI3,-0.17064440393042193,-0.5826149676458655,-0.9481278691146583,0.1673908964119208,2
MPLU3,1.1236157458418696,0.4755525110093483,0.14560116588221644,-0.603925106494595,1
MRVE3,0.7752764820773239,-0.6192031857103087,-0.31588097365162293,-0.284070125792882,1
MTIG4,0.014160746378824363,-0.38792326708409497,-0.1194981042255834,-1.6904346717867091,1
MTRE3,-0.2701204301183223,0.8124374922215837,-1.2163290793310086,-0.9696943772269255,5
MTSA4,0.08831116192459537,-0.3511308510358053,0.1267403688894812,0.3897101719421052,0
MULT3,0.5715940891871856,0.4982572004810392,0.09211090572676715,-0.4011915181863878,1
MWET4,-0.624961160462787,-0.5969625624051028,-0.3324067353420095,0.5988769382169645,2
MYPK3,-0.026288881324056827,0.6276769988253816,0.10378708080356347,-0.4034846044455214,0
NATU3,-0.1343291656886391,-0.5922541509897565,0.03412332738592831,0.31498466466580227,2
NEOE3,0.4673335975752225,0.4160639773596189,-0.3629531248363787,-0.25736888457353574,0
NETC4,1.4014481195860782,-0.6931766731125897,1.1538949785135608,-0.889651115943864,3
NEXP3,-0.6804922246060796,-0.9718679901525358,-0.97343236525147,-0.3474329968637327,2
NGRD3,-0.36828420041853915,-0.47008485040490366,1.7486528166087527,1.4298937910976266,6
NORD3,-2.939586117864726,4.9597664949955105,-0.09122272409163179,-1.680418484288126,5
NTCO3,-1.3627334901574877,-0.6768676936841717,-1.3155981058026816,-0.3198476161934027,2
NUTR3,-1.7398767452974357,-0.9930765475985076,-0.25328722343614646,-0.36804441481141686,2
ODPV3,0.6988741409790669,0.33545751807248037,0.4426876771963292,0.3145867874776499,0
OFSA3,0.7424435385096326,0.5452362152590203,-0.023787741227036967,-0.30304759115827706,1
OGXP3,-1.6993705709135034,-2.1711607912963475,2.224822257329285,-2.267616603573487,3
OIBR3,-1.896410898082045,-0.8073059883753421,-0.8411383480456269,-0.4426843181426336,2
OMGE3,-0.9562323631641887,-0.05637893695425249,-0.29449965343587137,0.06126653465237279,2
ONCO3,-0.2705344290805565,2.060110094359126,-3.95346320633955,-0.06903454579970458,5
OPCT3,-0.9111816015718056,0.7419869518845985,-0.7555841238391153,1.2561035323474938,0
ORVR3,0.5883463865353183,0.5234780909326036,-0.5215897617358731,-0.5156093709355251,1
OSXB3,1.0526156766312116,-0.767484014358698,1.2197554324295805,-1.2075847499286145,3
PARD3,1.2280461185960558,-0.9339036805762915,-0.15323681234831077,-0.3870557318071041,1
PCAR4,1.2960818482343694,0.6296168981627944,-0.14373230170635123,1.1113781097196613,0
PDGR3,-2.3525101840156646,-3.7530420850627615,-1.6838144202161882,-1.2889116064828918,2
PDTC3,-0.6507320887113902,0.5737205296768143,1.169050259458242,-0.7276522348714608,3
PEAB4,-0.7444394744074345,-0.015278423514212667,1.5482075226725955,-0.8374854625685988,3
PETR4,-0.024438350471109274,-0.2985115072434527,-0.7132338893037868,-0.12417870865233419,2
PETZ3,-0.30061800344929107,-0.4451366002083617,-0.8369799203660122,1.3193704925951808,2
PFRM3,-0.38490727275305386,0.49133001111354163,-0.20922822449914324,-0.2702875330469212,0
PGMN3,0.07186212925266736,0.06722331677612128,-0.0075995486882973725,1.7470023054387707,0
PINE4,0.6650971396462697,-0.5307853169212498,-0.09292826928281363,-0.31683238390598506,1
PLAS3,0.7081975439473377,-0.9749670888580607,-1.1904903995902067,0.7384669242446065,1
PLPL3,-0.2530988376275391,-0.43848658343436286,2.789303053185286,1.3762631657265076,6
PMAM3,-0.7052057478263604,1.1231680967115683,-0.5130826922272498,-0.8210812430677374,5
PMET6,3.0090406498004496,-1.07796766197545,-0.9660142149390021,-2.015708723201576,1
PNVL3,0.23938264981902932,-0.29178245691129323,0.1295961133501248,-0.2996491462513367,1
POMO4,-0.04775143845198203,0.7075771835607947,-0.2669886632663606,-0.21206225011134033,0
PORT3,0.7248310517718178,-0.38968553851695037,0.5273457455866286,1.3513001509786382,6
POSI3,-0.7277858825506298,0.5740035428472303,-0.6568168330191262,-0.7529306181838219,5
PRBC4,0.10050063185859205,-0.18712155098909125,0.20985943646741922,-0.735929615059023,1
PRIO3,-0.11263820944896233,-0.8350561396577505,-0.40453822210861456,0.8222151794098115,2
PRML3,-0.34745278734138363,0.526836098386783,2.282359725644735,2.819240803244562,6
PRNR3,-0.2573864334286218,-0.05272388168687718,-0.26652415373392707,0.5147490983268598,0
PRVI3,-0.5093375311844384,-0.2546901564186255,1.1299213952087863,-0.5611983379719014,3
PSSA3,-0.10556660446646235,0.19193773734965833,0.17737320191597447,0.15698349203264247,0
PTBL3,-0.547121000710328,-0.3766206362324977,-0.6944176456774979,0.30494191432804796,2
PTNT4,-0.12844341201312431,0.6826497552527407,-0.01814909915467332,0.30635384208548305,0
QUAL3,-0.12998022796799422,-0.855784415451936,-0.24976463378130234,-0.27115092800638324,2
RADL3,0.2732045583430802,-0.3879497126768167,0.4407378812005106,-0.07893887617177385,1
RAIL3,0.14384996735474656,-0.20883453646930267,0.09937505236384428,-0.246716110589113,1
RAIZ4,0.022774428796315783,0.4403056290756208,-0.08837736240157947,-1.0361387906358246,1
RANI3,0.6483819031686764,0.4568943519526504,-0.6647943163420976,0.3776564802381341,0
RAPT4,-0.3243298206893849,-0.538405063505479,-0.4629752969915418,-0.22452027343051878,2
RCSL3,-1.8588480311398747,2.1875399050131192,-0.7677858427906316,-1.063076507819483,5
RDNI3,-0.13902379698106707,0.22541701819932813,-0.24532710267665042,0.6233003437331335,0
RDOR3,-0.04507974370932409,-0.5833744109348041,-0.20471311428163244,1.6179321040930057,0
RDTR3,0.6629224068811318,0.06826106029806114,1.5738930875012727,1.4410139783576572,6
RECV3,0.47472775608255957,-0.9699938985877562,0.24280919055541988,-1.6170508764623748,3
REDE3,-0.1885147481890822,-0.39034371829663284,1.148271742359943,-0.12490673310720009,3
RENT3,0.09622631948168257,-0.5807755520812897,-0.36621866512087425,0.06805007191747373,1
RHDS3,0.0633374140965556,-0.412144148899498,1.3425861821709588,-2.269117828757671,3
RIAA3,-0.44119332229827385,0.7351712423117499,-0.9400858022133696,0.19366291063871857,0
RJCP3,3.4099897444931706,-1.0986919629863245,-1.3002156609194147,-1.3245462130723573,1
RLOG3,-1.1199633729279643,-0.9373613687602662,-0.32112472354212857,-0.008790387174769026,2
RNEW11,-0.41705566808345446,0.9830447688051187,-0.012493405399341552,0.6333312203276079,0
ROMI3,-0.45387698690993633,-0.2551691148482426,-0.06887850509234458,-0.4538055984305251,2
RPAD5,0.8203627111763249,-0.27213298631792526,0.16068705986659845,0.2007684574012955,1
RPMG3,-0.02667035773219211,0.7829647716278169,-0.18754923738383214,-0.28929097743955196,0
RSID3,-1.356817309117681,-0.4919254142981316,-1.3961980485543595,0.30821684438868724,2
RSIP3,1.4099781668498557,1.0161666712110542,2.0881102459408947,0.011189864906098261,3
RSUL4,1.0980836475425624,0.02390093591071239,1.8911614343629821,-0.505107490510175,3
SANB11,0.012262408404413628,0.3103991191089974,-0.31616036770614964,0.12342889070218924,0
SAPR11,0.692502633201728,0.5185885230806034,-0.28563020507301035,-0.24161724950850802,1
SBFG3,-0.8375379498002697,-1.4566084780270325,-0.619949792195342,-0.3989695539856097,2
SBSP3,0.3195409509134816,0.5745655514146054,-0.09462989432831669,0.45909682036523947,0
SCAR3,0.02398550735571609,0.4896568248567715,-0.10630186967204695,-0.5425792960049172,0
SEDU3,-0.2730831956245994,0.5167122775175728,1.577547621716171,1.5148652584596687,6
SEER3,-0.02373439283667896,1.0535796717294605,-0.3686422151552496,0.19492873357353135,0
SEQL3,0.5874387728686681,-1.73389820152062,-1.6012291231040285,-3.6063166462597223,1
SFSA4,0.11319212828391549,-1.4104958843688788,1.6307278187938434,-1.2402476827783742,3
SGPS3,-0.8797553428703603,-1.2425028526477717,-0.9262751766589362,-0.6513922967987176,2
SHOW3,-0.13657128172040567,0.7329074587056171,-0.9416248666524419,-0.91249223274045,5
SHUL4,0.1536537423509352,-0.6349989250367581,-0.11758399302560771,0.35138303761035616,1
SIMH3,0.09569869928865889,1.085397140242914,-0.5202698668192811,-1.2971553773958955,5
SLCE3,-0.18894344995371098,-0.29584764736703845,1.089580426149583,-0.042636335359342886,3
SLED4,-1.084949456824493,1.715494939623657,-0.17523092017746872,-0.7175006118294415,5
SMFT3,0.2506677678828899,0.1783338142814645,-1.5564635546976753,1.512095061321429,0
SMLE3,3.7594103395679364,0.5768681832590508,-0.7297561119511013,1.6386968341243107,1
SMLS3,-1.8214918441819827,2.605363394936944,-1.0631129289029824,-0.06311236777064688,5
SMTO3,-0.10344193191773395,-0.2700631771687195,0.1149885792612598,-0.12774719046827251,0
SNSY5,-0.11228358760580148,0.1872015715536469,-0.30341147551162007,1.6433682782547787,0
SOJA3,-0.2264482930041517,-0.7661184950425912,1.3831447749976877,-0.6265876723523747,3
SOMA3,1.3836695406743948,-0.3588825763931365,-2.0132664691004325,1.2259935542194063,1
SPRI3,-1.2330621557317647,-1.3151387937120111,1.6920257715046216,-1.5886474728190993,3
SQIA3,-0.41152995485788363,-0.47214418994920554,0.0263810966939685,0.39087454284211487,2
SRNA3,1.7222632222683778,-0.9555372929999467,-0.5913880775513946,0.30509452585170943,1
STBP3,0.4482250807553322,-0.0636580695484763,-0.9517129893881592,0.639646398787099,0
SULT4,1.6222142247068767,-1.0061407217585971,1.5909873108334662,-1.6792146872594838,3
SUZB3,0.45071366410592406,-0.21524591189537867,1.054931333248577,-0.08692535346860299,3
SYNE3,0.02230476835158796,0.5396976226645419,0.04114557756366921,0.35066412507561445,0
TAEE11,0.2078827861772519,0.37076833773724716,0.3458183234273248,-0.30719498498132114,0
TASA4,-1.2683314868087843,-0.4291259604083175,-0.17427276439477055,-0.6003948779667757,2
TCNO4,0.8247333112925656,0.6659868268513606,-0.4092197864158935,-0.7364838524260346,1
TCSA3,0.4236076119128932,-0.2674536242630361,-0.7238648662195243,-0.6855654608686577,1
TECN3,1.0555241166070373,0.6213257573420559,-0.6337785271286442,0.17851006147542328,1
TEKA4,-0.047413299594690206,-0.5383782860759445,-0.5553268165130109,-0.7656373343160573,1
TELB4,0.031783707748550175,-0.35448255360392295,-0.16136699546731628,-0.833023876989945,1
TEMP3,1.350931310125704,-0.7918707370593836,0.12295838793576243,-0.9943104598714184,1
TEND3,-0.9915114620436798,0.921926097030475,-0.5865744420867322,-0.21090851232000146,5
TERI3,-1.825718675244585,-3.08243014052176,-0.48992100393018584,0.6258630926565605,2
TESA3,1.4321150244162864,0.13676488700913583,-1.0534404311725707,-0.8274278194708148,1
TFCO4,0.4123304281920859,-0.22343421959657206,-0.4891981584225912,-0.3458165462080757,1
TGMA3,-0.30561323706518506,0.8791793444505568,-0.9936959946680706,0.23933382752522003,0
TIET11,1.008604680923359,-0.008826921182304489,0.03188319284278296,-0.16537643398762192,1
TIMS3,0.7205693714184682,0.1559184852740569,0.14754502308868703,0.3687388477160293,0
TOKY3,-1.1149209727397744,-0.24096572007977105,-1.8387030079612352,-3.213531755703113,5
TOTS3,0.08935075393968696,0.26673244181408123,0.21204899271549982,0.23656574883955134,0
TOYB4,-1.3745727679395543,-2.3116475627784503,-1.406231084326545,4.881555478561057,4
TPIS3,-0.9060993553298032,0.8783840021464641,-0.2693282361976404,0.5965617802780498,0
TRAD3,-1.2368164459800695,0.03750893819825855,-1.3413010091497628,4.848100355895868,6
TRIS3,-0.5600817658808439,0.28657612480373074,-0.31996681593488074,-0.4176743697162223,0
TRPN3,0.9253335977460981,0.9132601779231834,0.9103206026523994,0.5974923023537685,0
TTEN3,0.7216032667427684,0.8530878046394266,-0.09879200527491507,0.8381464201634213,0
TUPY3,0.17038571936941502,0.6268662566090745,1.0219611126622885,0.6268926928866335,0
TXRX4,-0.6375370669931523,-1.114138600111444,-0.5439649847883481,-0.6823147749436387,2
UCAS3,-0.12179134805191036,-0.4658581554738999,-0.19554663115763204,-0.23285154237124497,2
UGPA3,0.7664954455719731,0.46283307117260775,0.11252968421747839,-0.37645608279301906,1
UNIP6,-0.7691957178138308,0.054825979559495946,-0.0736107118054215,-0.42226625884249014,2
USIM5,-1.041132783623534,0.5868603773080182,-0.6099014467426886,-0.04415178067735279,5
VALE3,0.022002607412724,0.6444319061236103,0.23271944841161096,-0.16795247856985873,0
VAMO3,0.9065171347185216,0.2991937355416596,2.3305892177210272,-1.198833705886642,3
VBBR3,-0.15561676913749428,0.6092813935704985,-0.3140157637040205,-0.09049642033501262,0
VITT3,1.8349636806795826,-0.2228688409626498,1.9345655596912867,0.9721411193416918,6
VIVA3,-0.08739496529204359,-0.9184355212006915,-0.5302284022556112,-0.05497760922783445,2
VIVR3,-0.696336539682942,-0.8968145566993145,-1.5517095582004876,0.4328559132534821,2
VIVT4,0.8731274696280641,-0.02945828204623874,0.08962857742753996,-0.1241491860766321,1
VLID3,0.9028002210517282,0.8815129120753327,0.0655700442155235,-0.41742848457496134,1
VSTE3,1.9999195473199103,1.2095228585448548,-0.5038369100066252,1.307197974217295,0
VULC3,1.0359320610901406,-0.3414707027211232,-0.2590849300415267,0.5311768939362541,1
VVEO3,2.289199545182059,1.3559456847348825,0.2913614211762333,-2.227536989820339,1
WDCN3,-0.5516514143739554,-0.009622924069231268,2.5624282212604674,-2.1973241735644264,3
WEGE3,0.015248042572765705,-0.3656108172901429,0.3347677707690728,-0.37509679079549924,1
WEST3,-0.40095057187698546,1.4910095889223274,1.2808825140804974,0.4118607829138421,0
WHRL4,-0.2169671203932419,0.5235796357369378,0.4380559022381174,0.23479747744491788,0
WIZC3,0.5716629304608947,0.09399305714325638,-0.5176523538839553,0.8293665021376078,0
WLMM4,-1.1945756039599402,0.9084710441510981,0.3635739762643023,0.4496308633518985,0
YDUQ3,-0.4795667981204738,0.9730993381275513,-0.32782967599943896,0.48098043071323204,0
ZAMP3,1.4402659863345024,-0.6785579310575701,0.007791951762411251,0.17418741570711774,1
